Prefix,Suffix
GN0,2004
GN0,2005
GN0,2007
GN0,2009
GN0,2039
GN0,2045
GN0,2050
GN0,2055
GN0,2060
GN0,2091
GN0,2094
GN0,2099
GN0,2137
GN0,2140
GN0,2148
GN0,2163
GN0,2165
GN0,2169
GN0,2172
GN0,2175
GN0,2183
GN0,2196
GN0,2215
GN0,2235
GN0,2247
GN0,2254
GN0,2260
GN0,2270
GN0,2277
GN0,2289
GN0,2290
GN0,2298
GN0,2306
GN0,2308
GN0,2314
GN0,2317
GN0,2323
GN0,2337
GN0,2343
GN0,2345
GN0,2350
GN0,2354
GN0,2359
GN0,2363
GN0,2370
GN0,2380
GN0,2388
GN0,2392
GN0,2404
GN0,2405
GN0,2411
GN0,2415
GN0,2422
GN0,2426
GN0,2427
GN0,2430
GN0,2441
GN0,2446
GN0,2448
GN0,2449
GN0,2451
GN0,2460
GN0,2461
GN0,2473
GN0,2476
GN0,2484
GN0,2487
GN0,2500
GN0,2501
GN0,2514
GN0,2529
GN0,2531
GN0,2535
GN0,2545
GN0,2546
GN0,2547
GN0,2556
GN0,2560
GN0,2567
GN0,2590
GN0,2597
GN0,2604
GN0,2606
GN0,2609
GN0,2612
GN0,2614
GN0,2620
GN0,2627
GN0,2629
GN0,2631
GN0,2639
GN0,2649
GN0,2657
GN0,2669
GN0,2674
GN0,2681
GN0,2683
GN0,2689
GN0,2690
GN0,2699
GN0,2707
GN0,2739
GN0,2740
GN0,2744
GN0,2748
GN0,2750
GN0,2758
GN0,2766
GN0,2769
GN0,2779
GN0,2787
GN0,2820
GN0,2867
GN0,2953
GN0,3020
GN0,3080
GN0,3132
GN0,3135
GN0,3139
GN0,3148
GN0,3194
GN0,3204
GN0,3218
GN0,3252
GN0,3319
GN0,3324
GN0,3344
GN0,3398
GN0,3409
GN0,3415
GN0,3496
GN0,3545
GN0,3578
GN0,3599
GN0,3624
GN0,3633
GN0,3661
GN0,3697
GN0,3778
GN0,3786
GN0,3838
GN0,3952
GN0,4000
GN0,4014
GN0,4023
GN0,4075
GN0,4094
GN0,4096
GN0,4122
GN0,4124
GN0,4144
GN0,4153
GN0,4171
GN0,4208
GN0,4219
GN0,4228
GN0,4255
GN0,4262
GN0,4306
GN0,4318
GN0,4428
GN0,4472
GN0,4481
GN0,4488
GN0,4540
GN0,4542
GN0,4563
GN0,4592
GN0,4612
GN0,4665
GN0,4676
GN0,4682
GN0,4741
GN0,4757
GN0,4772
GN0,4805
GN0,4997
GN0,5002
GN0,5044
GN0,5107
GN0,5109
GN0,5121
GN0,5128
GN0,5225
GN0,5243
GN0,5367
GN0,5377
GN0,5426
GN0,5505
GN0,5509
GN0,5556
GN0,5681
GN0,5696
GN0,5705
GN0,5712
GN0,5734
GN0,5752
GN0,5779
GN0,5793
GN0,5826
GN0,5829
GN0,5833
GN0,5843
GN0,5865
GN0,5885
GN0,5918
GN0,5963
GN0,6007
GN0,6028
GN0,6039
GN0,6047
GN0,6113
GN0,6124
GN0,6130
GN0,6136
GN0,6156
GN0,6168
GN0,6180
HE-,MDREc01
HE-,MDREc02
HE-,MDREc03
HE-,MDREc04
HE-,MDREc05
HE-,MDREc06
HE-,MDREc07
HE-,MDREc09
HE-,MDREc10
HE-,MDREc13
HE-,MDREc16
HE-,MDREc17
HE-,MDREc18
HE-,MDREc19
HE-,MDREc20
HE-,MDREc21
HE-,MDREc24
HE-,MDREc25
HE-,MDREc27
HE-,MDREc30
HE-,MDREc31
HE-,MDREc32
HE-,MDREc33
HE-,MDREc34
HE-,MDREc35
HE-,MDREc36
HE-,MDREc37
HE-,MDREc38
HE-,MDREc39
HE-,MDREc40
HE-,MDREc41
HE-,MDREc42
HE-,MDREc43
HE-,MDREc44
HE-,MDREc45
HE-,MDREc46
HE-,MDREc47
HE-,MDREc48
HE-,MDREc49
HE-,MDREc50
HE-,MDREc51
HE-,MDREc52
HE-,MDREc54
HE-,MDREc55
HE-,MDREc57
HE-,MDREc58
HE-,MDREc59
HE-,MDREc60
HE-,MDREc61
HE-,MDREc62
HE-,MDREc63
HE-,MDREc64
HE-,MDREc65
HE-,MDREc66
HE-,MDREc67
HE-,MDREc68
HE-,MDREc70
HE-,MDREc71